Dairy;Vegetables;Fruits;Grains;Sweeteners;Spices;Meats;Fish;Sauce;Oils;Seasonings;Legumes;Alcoholic drinks;Soup;Nuts;Desserts;Drinks
butter;onion;lemon;rice;sugar;cinnamon;chicken breast;canned tuna;mayonnaise;olive oil;bouillon;green beans;white wine;chicken broth;peanut butter;chocolate;coffee
egg;garlic;apple;pasta;brown sugar;vanilla;ground beef;salmon;ketchup;vegetable oil;ground ginger;peas;beer;mushroom soup;almond;apple sauce;orange juice
milk;tomato;banana;flour;honey;garlic powder;bacon;tilapia;mustard;cooking spray;sesame seed;black beans;red wine;beef broth;walnut;strawberry jam;tea
parmesan;potato;lime;bread;confectioners sugar;paprika;sausage;fish fillets;vinegar;canola oil;cream of tartar;chickpea;vodka;tomato soup;pecan;graham cracker;green tea
cheddar;carrot;strawberry;baking powder;maple syrup;oregano;beef steak;cod;soy sauce;shortening;chili sauce;lentil;rum;vegetable stock;peanut;marshmallow;apple juice
american cheese;bell pepper;orange;baking soda;corn syrup;chili powder;ham;canned salmon;balsamic vinegar;sesame oil;soya sauce;refried beans;whiskey;chicken soup;cashew;chocolate syrup;tomato juice
sour cream;basil;pineapple;bread crumbs;molasses;red pepper flake;hot dog;anchovy;worcestershire;coconut oil;apple cider;hummus;tequila;onion soup;flax;potato chips;coke
cream cheese;parsley;blueberry;cornstarch;artificial sweetener;cumin;pork chops;smoked salmon;hot sauce;peanut oil;hoisin sauce;chili beans;sherry;vegetable soup;pine nut;nutella;chocolate milk
mozzarella;broccoli;raisin;rolled oats;agave nectar;cayenne;chicken thighs;sardines;barbecue sauce;sunflower oil;liquid smoke;lima beans;bourbon;celery soup;pistachio;chocolate morsels;pineapple juice
yogurt;corn;coconut;noodle;;italian seasoning;ground turkey;tuna steak;ranch dressing;lard;rice wine;kidney beans;cooking wine;dashi;almond meal;bittersweet chocolate;lemonade
cream;spinach;grape;flour tortillas;;thyme;cooked chicken;whitefish;wine vinegar;grape seed oil;vegetable bouillon;pinto beans;whisky;lamb stock;hazelnut;pudding mix;cranberry juice
evaporated milk;mushroom;peach;pancake mix;;onion powder;turkey;halibut;apple cider vinegar;corn oil;poppy seed;edamame;liqueur;pork stock;macadamia;raspberry jam;espresso
whipped cream;green beans;raspberry;yeast;;nutmeg;pork;trout;cider vinegar;almond oil;balsamic glaze;split peas;brandy;veal stock;almond paste;dark chocolate;fruit juice
half and half;ginger;cranberry;cracker;;ground nutmeg;pepperoni;haddock;italian dressing;avocado oil;miso;snap peas;gin;;chestnut;chocolate chips;ginger ale
feta;chili pepper;mango;quinoa;;curry powder;whole chicken;flounder;rice vinegar;safflower oil;wasabi;soybeans;kahlua;;praline;jam;club soda
monterey jack cheese;celery;pear;brown rice;;bay leaf;chicken leg;catfish;salad dressing;walnut oil;fish stock;cannellini beans;irish cream;;macaroon;white chocolate;sprite
condensed milk;rosemary;blackberry;cornmeal;;taco seasoning;ground pork;mahi mahi;tabasco;hazelnut oil;rose water;navy beans;triple sec;;;brownie mix;kool aid
cottage cheese;salad greens;cherry;self rising flour;;sage;chorizo;mackerel;fish sauce;palm oil;pickling salt;french beans;champagne;;;chocolate pudding;grenadine
ice cream;red onion;date;cake mix;;clove;chicken wings;sole;teriyaki;soybean oil;champagne vinegar;red beans;amaretto;;;jello;margarita mix
swiss cheese;cucumber;watermelon;saltines;;allspice;beef roast;sea bass;steak sauce;mustard oil;bbq rub;great northern beans;cabernet sauvignon;;;caramel;cherry juice
velveeta;sweet potato;berries;popcorn;;turmeric;polish sausage;red snapper;tahini;pistachio oil;jamaican jerk spice;fava beans;vermouth;;;chocolate powder;pepsi
frosting;pickle;kiwi;macaroni cheese mix;;chive;salami;swordfish;enchilada sauce;soya oil;accent seasoning;;bitters;;;candy;mountain dew
buttermilk;avocado;grapefruit;corn tortillas;;peppercorn;pork roast;pollock;vinaigrette dressing;;pickling spice;;maraschino;;;corn chips;
ricotta;zucchini;mandarin;ramen;;ground coriander;ground chicken;herring;oyster sauce;;mustard powder;;sake;;;cookies;
goat cheese;cilantro;craisins;cereal;;cajun seasoning;pork ribs;perch;honey mustard;;mango powder;;grand marnier;;;apricot jam;
provolone;frozen vegetables;cantaloupe;biscuits;;coriander;spam;grouper;sriracha;;adobo seasoning;;masala;;;chocolate bar;
blue cheese;olive;plum;stuffing mix;;celery salt;venison;caviar;caesar dressing;;kasuri methi;;dessert wine;;;cookie dough;
powdered milk;asparagus;apricot;couscous;;vanilla essence;pork shoulder;monkfish;taco sauce;;caribbean jerk seasoning;;schnapps;;;oreo;
colby cheese;cabbage;clementine;pie crust;;herbs;bologna;rockfish;mirin;;brine;;port wine;;;doritos;
pepper jack;cauliflower;prunes;bisquick;;steak seasoning;bratwurst;lemon sole;blue cheese dressing;;matcha powder;;sparkling wine;;;chocolate cookies;
italian cheese;dill;apple butter;chips;;poultry seasoning;prosciutto;pike;sweet and sour sauce;;cassia;;cognac;;;butterscotch;
soft cheese;kale;pomegranate;angel hair;;chile powder;lamb;barramundi;thousand island;;;;chocolate liqueur;;;blackberry preserves;
gouda;mixed vegetable;nectarine;coconut flake;;cardamom;corned beef;eel;picante sauce;;;;burgundy wine;;;blueberry jam;
pepperjack cheese;pumpkin;fig;bread flour;;italian herbs;chicken roast;bluefish;buffalo sauce;;;;limoncello;;;peach preserves;
romano;squash;tangerine;croutons;;tarragon;lamb chops;carp;french dressing;;;;creme de menthe;;;cherry jam;
brie;mint;papaya;lasagne;;garam masala;pancetta;cuttlefish;tartar sauce;;;;bloody mary;;;fig jam;
pizza cheese;scallion;rhubarb;pizza dough;;marjoram;ground lamb;pompano;cocktail sauce;;;;raspberry liquor;;;plum jam;
ghee;sun dried tomato;sultanas;bagel;;mustard seed;beef ribs;arctic char;marsala;;;;curacao;;;cinnamon roll;
creme fraiche;shallot;plantain;puff pastry;;celery seed;duck;john dory;adobo sauce;;;;frangelico;;;fudge;
cheese soup;eggplant;currant;hot dog bun;;chinese five spice;pork belly;marlin;tzatziki sauce;;;;shaoxing wine;;;cookie crumb;
gruyere;beet;passion fruit;barley;;italian spice;beef liver;amberjack;sesame dressing;;;;absinthe;;;grape jelly;
pecorino cheese;butternut squash;guava;multigrain bread;;saffron;leg of lamb;sturgeon;ponzu;;;;madeira wine;;;chilli jam;
custard;horseradish;persimmons;potato flakes;;onion flake;canadian bacon;;duck sauce;;;;ouzo;;;lady fingers;
muenster;leek;lychee;pretzel;;herbes de provence;beef shank;;pickapeppa sauce;;;;anisette;;;black pudding;
queso fresco cheese;caper;lingonberry;cornbread;;chipotle;veal;;yuzu juice;;;;grappa;;;chocolate wafer;
hard cheese;brussels sprout;tangelos;english muffin;;dill seed;chicken giblets;;cream sauce;;;;ciclon;;;gummy worms;
havarti cheese;artichoke heart;kumquat;cornflour;;fennel seed;cornish hen;;tomato sauce;;;;drambuie;;;biscotti biscuit;
asiago;chia seeds;boysenberry;crescent roll dough;;caraway;lamb shoulder;;tomato paste;;;;;;;doughnut;
mascarpone;radish;star fruit;cream of wheat;;cacao;lamb shank;;salsa;;;;;;;amaretti cookies;
neufchatel;sauerkraut;quince;coconut flour;;star anise;deer;;pesto;;;;;;;apple jelly;
halloumi;artichoke;honeydew;pita;;savory;ground veal;;alfredo sauce;;;;;;;red pepper jelly;
paneer;portobello mushroom;crabapples;risotto;;chili paste;pastrami;;beef gravy;;;;;;;orange jelly;
brick cheese;sweet pepper;;muffin mix;;tamarind;rabbit;;curry paste;;;;;;;jalapeno jelly;
camembert cheese;arugula;;bicarbonate of soda;;aniseed;sliced turkey;;chicken gravy;;;;;;;mint jelly;
goat milk;spaghetti squash;;ravioli;;fenugreek;pork loin;;cranberry sauce;;;;;;;currant jelly;
garlic herb cheese;capsicum;;wheat;;lavender;elk;;turkey gravy;;;;;;;lemon jelly;
edam cheese;bok choy;;rice flour;;old bay seasoning;beef suet;;mushroom gravy;;;;;;;quince jelly;
manchego;parsnip;;polenta;;lemon balm;veal cutlet;;sausage gravy;;;;;;;;
fontina;okra;;baguette;;;lamb loin;;onion gravy;;;;;;;;
stilton cheese;yam;;gnocchi;;;marrow bones;;cream gravy;;;;;;;;
emmenthaler cheese;fennel;;vermicelli;;;goose;;pork gravy;;;;;;;;
red leicester cheese;turnip;;semolina;;;chicken tenders;;tomato gravy;;;;;;;;
jarlsberg cheese;snow peas;;wheat germ;;;veal chops;;giblet gravy;;;;;;;;
bocconcini cheese;bean sprouts;;buckwheat;;;quail;;;;;;;;;;
farmer cheese;seaweed;;croissants;;;oxtail;;;;;;;;;;
creme de cassis;chard;;bread dough;;;pheasant;;;;;;;;;;
wensleydale cheese;collard;;filo dough;;;lamb liver;;;;;;;;;;
longhorn cheese;canned tomato;;yeast flake;;;moose;;;;;;;;;;
double gloucester cheese;pimiento;;pierogi;;;turkey liver;;;;;;;;;;
raclette cheese;watercress;;matzo meal;;;pork liver;;;;;;;;;;
lancashire cheese;tomatillo;;rye;;;veal shank;;;;;;;;;;
cheshire cheese;rocket;;tapioca flour;;;foie gras;;;;;;;;;;
margarine;mustard greens;;shortcrust pastry;;;beef sirloin;;;;;;;;;;
coconut milk;bamboo shoot;;potato starch;;;liver sausage;;;;;;;;;;
almond milk;rutabaga;;breadsticks;;;sweetbread;;;;;;;;;;
soy milk;endive;;ciabatta;;;wild boar;;;;;;;;;;
rice milk;broccoli rabe;;spelt;;;snail;;;;;;;;;;
hemp milk;jicama;;angel food;;;pigeon;;;;;;;;;;
non dairy creamer;kohlrabi;;tapioca starch;;;duck liver;;;;;;;;;;
;hearts of palm;;starch;;;goose liver;;;;;;;;;;
;butternut;;whole wheat flour;;;grouse;;;;;;;;;;
;celery root;;gram flour;;;ostrich;;;;;;;;;;
;daikon;;sourdough starter;;;soppressata;;;;;;;;;;
;radicchio;;wafer;;;alligator;;;;;;;;;;
;porcini;;bran;;;;;;;;;;;;;
;chinese broccoli;;challah;;;;;;;;;;;;;
;jerusalem artichoke;;sponge cake;;;;;;;;;;;;;
;cress;;malt extract;;;;;;;;;;;;;
;water chestnut;;sorghum flour;;;;;;;;;;;;;
;dulse;;;;;;;;;;;;;;;
;micro greens;;;;;;;;;;;;;;;
;burdock;;;;;;;;;;;;;;;
;chayote;;;;;;;;;;;;;;;
